{
  "generated_at": "2026-02-06T01:49:16.563072+00:00",
  "period_snapshots": {
    "Jan 27-28": {
      "nodes": 14,
      "edges": 18,
      "density": 0.098901,
      "largest_component_size": 14,
      "largest_component_pct": 100.0,
      "num_components": 1,
      "avg_degree": 2.57,
      "max_degree": 10,
      "new_edges_this_period": 18
    },
    "Jan 29-30": {
      "nodes": 2415,
      "edges": 6958,
      "density": 0.001194,
      "largest_component_size": 2403,
      "largest_component_pct": 99.5,
      "num_components": 7,
      "avg_degree": 5.76,
      "max_degree": 1106,
      "new_edges_this_period": 6939
    },
    "Jan 31": {
      "nodes": 5022,
      "edges": 17289,
      "density": 0.000686,
      "largest_component_size": 5008,
      "largest_component_pct": 99.7,
      "num_components": 8,
      "avg_degree": 6.89,
      "max_degree": 1239,
      "new_edges_this_period": 10331
    },
    "Feb 1-2": {
      "nodes": 5306,
      "edges": 17753,
      "density": 0.000631,
      "largest_component_size": 5286,
      "largest_component_pct": 99.6,
      "num_components": 11,
      "avg_degree": 6.69,
      "max_degree": 1239,
      "new_edges_this_period": 465
    },
    "Feb 3+": {
      "nodes": 9648,
      "edges": 62810,
      "density": 0.000675,
      "largest_component_size": 9632,
      "largest_component_pct": 99.8,
      "num_components": 9,
      "avg_degree": 13.02,
      "max_degree": 2644,
      "new_edges_this_period": 45057
    }
  },
  "growth_summary": {
    "total_final_nodes": 9797,
    "total_final_edges": 68207,
    "edges_by_period": {
      "Jan 27-28": 18,
      "Jan 29-30": 6939,
      "Jan 31": 10331,
      "Feb 1-2": 465,
      "Feb 3+": 45057
    }
  },
  "preferential_attachment_test": {
    "top_10_pct_nodes": 979,
    "edges_to_top_10_pct": 30308,
    "top_10_edge_share": 44.4,
    "interpretation": "Moderate"
  },
  "degree_distribution": {
    "1": 1432,
    "2": 1237,
    "3": 1153,
    "4": 977,
    "5": 696,
    "6": 470,
    "7": 449,
    "8": 354,
    "9": 290,
    "10": 263,
    "11": 229,
    "12": 205,
    "13": 151,
    "14": 119,
    "15": 135,
    "16": 87,
    "17": 109,
    "18": 81,
    "19": 78,
    "20": 75,
    "21": 75,
    "22": 55,
    "23": 62,
    "24": 45,
    "25": 36,
    "26": 49,
    "27": 42,
    "28": 30,
    "29": 40,
    "30": 19,
    "31": 34,
    "32": 28,
    "33": 24,
    "34": 21,
    "35": 31,
    "36": 20,
    "37": 24,
    "38": 23,
    "39": 28,
    "40": 19,
    "41": 10,
    "42": 12,
    "43": 25,
    "44": 16,
    "45": 13,
    "46": 15,
    "47": 22,
    "48": 13,
    "49": 10,
    "50": 8
  },
  "key_finding": "Network grew from 2,415 nodes to 5,022 on breach day (Jan 31). Top 10% of nodes receive 44.4% of edges, indicating moderate preferential attachment."
}